{"stats":{"minecraft:killed_by":{"minecraft:creeper":1},"minecraft:mined":{"minecraft:tall_grass":4,"minecraft:short_grass":26,"minecraft:acacia_log":5,"minecraft:grass_block":15},"minecraft:picked_up":{"minecraft:wheat_seeds":2,"minecraft:acacia_log":5,"minecraft:dirt":13},"minecraft:crafted":{"minecraft:acacia_planks":20},"minecraft:used":{"minecraft:acacia_planks":8},"minecraft:custom":{"minecraft:jump":87,"minecraft:deaths":1,"minecraft:time_since_rest":389,"minecraft:damage_dealt":190,"minecraft:play_time":13058,"minecraft:leave_game":2,"minecraft:sprint_one_cm":11796,"minecraft:damage_taken":255,"minecraft:time_since_death":0,"minecraft:walk_one_cm":8728,"minecraft:total_world_time":13058,"minecraft:fall_one_cm":4119,"minecraft:fly_one_cm":21401}},"DataVersion":3953}