{"stats":{"minecraft:crafted":{"minecraft:oak_planks":20,"minecraft:acacia_planks":20,"minecraft:birch_planks":8},"minecraft:custom":{"minecraft:time_since_rest":104,"minecraft:damage_taken":1560,"minecraft:crouch_one_cm":1366,"minecraft:play_time":25132,"minecraft:sprint_one_cm":26803,"minecraft:walk_one_cm":21854,"minecraft:deaths":6,"minecraft:sneak_time":476,"minecraft:mob_kills":1,"minecraft:drop":4,"minecraft:jump":248,"minecraft:damage_dealt":390,"minecraft:leave_game":6,"minecraft:time_since_death":53,"minecraft:total_world_time":25132,"minecraft:fall_one_cm":16429,"minecraft:fly_one_cm":44526},"minecraft:killed_by":{"minecraft:creeper":1,"minecraft:spider":1},"minecraft:mined":{"minecraft:short_grass":104,"minecraft:acacia_log":5,"minecraft:grass_block":21,"minecraft:oak_log":5,"minecraft:birch_log":7,"minecraft:tall_grass":19,"minecraft:acacia_planks":4,"minecraft:birch_leaves":1},"minecraft:killed":{"minecraft:zombie":1},"minecraft:dropped":{"minecraft:wheat_seeds":3,"minecraft:birch_log":1},"minecraft:used":{"minecraft:dirt":1,"minecraft:birch_planks":8,"minecraft:birch_log":5,"minecraft:oak_planks":8,"minecraft:acacia_planks":12},"minecraft:picked_up":{"minecraft:birch_log":8,"minecraft:acacia_planks":4,"minecraft:rotten_flesh":2,"minecraft:wheat_seeds":17,"minecraft:acacia_log":5,"minecraft:oak_log":5,"minecraft:dirt":19}},"DataVersion":3953}