{"stats":{"minecraft:killed_by":{"minecraft:skeleton":1,"minecraft:zombie":1},"minecraft:mined":{"minecraft:short_grass":10,"minecraft:acacia_log":10,"minecraft:acacia_leaves":3,"minecraft:sand":6,"minecraft:tall_grass":1,"minecraft:sugar_cane":1},"minecraft:killed":{"minecraft:spider":1,"minecraft:zombie":212,"minecraft:creeper":1,"minecraft:chicken":2},"minecraft:custom":{"minecraft:time_since_rest":2707,"minecraft:crouch_one_cm":885,"minecraft:sprint_one_cm":27303,"minecraft:play_time":33589,"minecraft:deaths":4,"minecraft:damage_taken":1199,"minecraft:walk_one_cm":38717,"minecraft:sneak_time":583,"minecraft:mob_kills":218,"minecraft:jump":269,"minecraft:damage_dealt":1177,"minecraft:leave_game":3,"minecraft:time_since_death":2664,"minecraft:walk_on_water_one_cm":738,"minecraft:total_world_time":33589,"minecraft:fall_one_cm":6451,"minecraft:fly_one_cm":175058},"minecraft:used":{"minecraft:acacia_log":1,"minecraft:flint_and_steel":8,"minecraft:tnt":144,"minecraft:acacia_sapling":1,"minecraft:zombie_spawn_egg":35},"minecraft:picked_up":{"minecraft:rotten_flesh":2,"minecraft:wheat_seeds":2,"minecraft:acacia_log":12,"minecraft:armadillo_scute":3,"minecraft:sand":5,"minecraft:sugar_cane":3,"minecraft:acacia_sapling":1}},"DataVersion":3953}