{"stats":{"minecraft:killed_by":{"minecraft:zombie":1},"minecraft:mined":{"minecraft:short_grass":68,"minecraft:acacia_log":3,"minecraft:oak_log":14,"minecraft:tall_grass":3,"minecraft:oak_leaves":21},"minecraft:picked_up":{"minecraft:stick":1,"minecraft:rotten_flesh":5,"minecraft:wheat_seeds":6,"minecraft:acacia_log":3,"minecraft:oak_log":13,"minecraft:oak_sapling":2},"minecraft:crafted":{"minecraft:oak_planks":12},"minecraft:used":{"minecraft:rotten_flesh":2,"minecraft:oak_log":1,"minecraft:oak_planks":5,"minecraft:zombie_spawn_egg":6},"minecraft:custom":{"minecraft:time_since_rest":4352,"minecraft:crouch_one_cm":318,"minecraft:damage_taken":2070,"minecraft:sprint_one_cm":47982,"minecraft:play_time":39869,"minecraft:walk_one_cm":21381,"minecraft:deaths":6,"minecraft:sneak_time":155,"minecraft:walk_under_water_one_cm":198,"minecraft:mob_kills":1,"minecraft:jump":399,"minecraft:damage_dealt":748,"minecraft:leave_game":6,"minecraft:walk_on_water_one_cm":779,"minecraft:time_since_death":4323,"minecraft:total_world_time":39869,"minecraft:fall_one_cm":29388,"minecraft:fly_one_cm":179120}},"DataVersion":3953}