{"stats":{"minecraft:mined":{"minecraft:acacia_log":6,"minecraft:acacia_leaves":3,"minecraft:sand":6},"minecraft:custom":{"minecraft:jump":34,"minecraft:time_since_rest":8323,"minecraft:crouch_one_cm":595,"minecraft:leave_game":1,"minecraft:play_time":8323,"minecraft:sprint_one_cm":3997,"minecraft:time_since_death":8323,"minecraft:walk_one_cm":2785,"minecraft:sneak_time":202,"minecraft:total_world_time":8323,"minecraft:fly_one_cm":78065},"minecraft:used":{"minecraft:acacia_sapling":1},"minecraft:picked_up":{"minecraft:sand":5,"minecraft:acacia_sapling":1,"minecraft:acacia_log":6}},"DataVersion":3953}