{"stats":{"minecraft:used":{"minecraft:rotten_flesh":2,"minecraft:oak_log":1,"minecraft:zombie_spawn_egg":6},"minecraft:custom":{"minecraft:time_since_rest":8233,"minecraft:crouch_one_cm":318,"minecraft:walk_one_cm":9734,"minecraft:play_time":15348,"minecraft:sprint_one_cm":32281,"minecraft:damage_taken":1375,"minecraft:deaths":4,"minecraft:sneak_time":155,"minecraft:walk_under_water_one_cm":198,"minecraft:mob_kills":1,"minecraft:jump":268,"minecraft:damage_dealt":425,"minecraft:leave_game":3,"minecraft:walk_on_water_one_cm":779,"minecraft:time_since_death":8210,"minecraft:total_world_time":15348,"minecraft:fall_one_cm":25175,"minecraft:fly_one_cm":158490},"minecraft:mined":{"minecraft:short_grass":19,"minecraft:oak_log":9,"minecraft:oak_leaves":15},"minecraft:picked_up":{"minecraft:stick":1,"minecraft:rotten_flesh":3,"minecraft:wheat_seeds":3,"minecraft:oak_log":9}},"DataVersion":3953}