{"stats":{"minecraft:mined":{"minecraft:short_grass":19,"minecraft:oak_log":7,"minecraft:oak_leaves":15},"minecraft:picked_up":{"minecraft:stick":1,"minecraft:oak_log":7,"minecraft:wheat_seeds":3},"minecraft:custom":{"minecraft:jump":206,"minecraft:walk_on_water_one_cm":240,"minecraft:time_since_rest":1618,"minecraft:deaths":4,"minecraft:damage_taken":1350,"minecraft:crouch_one_cm":318,"minecraft:sprint_one_cm":28046,"minecraft:play_time":8733,"minecraft:time_since_death":1595,"minecraft:walk_one_cm":5643,"minecraft:sneak_time":137,"minecraft:total_world_time":8733,"minecraft:fall_one_cm":24966,"minecraft:fly_one_cm":82209,"minecraft:damage_dealt":27},"minecraft:used":{"minecraft:zombie_spawn_egg":5}},"DataVersion":3953}