{"stats":{"minecraft:killed_by":{"minecraft:zombie":1},"minecraft:mined":{"minecraft:acacia_log":7,"minecraft:acacia_leaves":3,"minecraft:sand":6},"minecraft:killed":{"minecraft:chicken":1},"minecraft:custom":{"minecraft:time_since_rest":3778,"minecraft:crouch_one_cm":885,"minecraft:sprint_one_cm":10880,"minecraft:play_time":21392,"minecraft:deaths":1,"minecraft:damage_taken":255,"minecraft:walk_one_cm":11388,"minecraft:sneak_time":559,"minecraft:mob_kills":1,"minecraft:jump":71,"minecraft:damage_dealt":309,"minecraft:leave_game":2,"minecraft:time_since_death":3753,"minecraft:walk_on_water_one_cm":738,"minecraft:total_world_time":21392,"minecraft:fly_one_cm":102476},"minecraft:picked_up":{"minecraft:acacia_log":7,"minecraft:sand":5,"minecraft:acacia_sapling":1},"minecraft:used":{"minecraft:acacia_log":1,"minecraft:flint_and_steel":1,"minecraft:tnt":134,"minecraft:acacia_sapling":1,"minecraft:zombie_spawn_egg":35}},"DataVersion":3953}